Country,Year,CO2_per_capita_tonnes,Share_Global_CO2_pct,Primary_Energy_TWh,Population,Temp_Change_from_CO2,Total_GHG,Source,Temp_Anomaly_C,Renewable_Energy_pct,Fossil_Dependency,Climate_Risk_Score,Extreme_Weather_Events,Forest_Cover_pct,Vulnerability_Index
Australia,2000,18.288,1.372,1305.26,19132472.0,0.01,415.179,Our World in Data (OWID),0.39,8.2,91.8,93.4,22,19.0,4.045
Australia,2001,18.469,1.392,1315.385,19365438.0,0.01,427.062,Our World in Data (OWID),0.53,8.3,91.7,95.4,22,18.7,4.0889999999999995
Australia,2002,18.495,1.38,1341.745,19595356.0,0.01,432.796,Our World in Data (OWID),0.63,8.4,91.6,96.4,23,18.4,4.221
Australia,2003,18.708,1.341,1360.862,19819449.0,0.01,439.491,Our World in Data (OWID),0.61,8.6,91.4,96.8,24,18.1,4.316
Australia,2004,19.056,1.335,1404.444,20046679.0,0.011,450.416,Our World in Data (OWID),0.53,8.7,91.3,97.2,25,17.8,4.394
Australia,2005,18.975,1.301,1410.35,20294490.0,0.011,454.835,Our World in Data (OWID),0.68,8.8,91.2,98.4,26,17.5,4.541
Australia,2006,19.007,1.279,1470.838,20590566.0,0.011,461.756,Our World in Data (OWID),0.64,8.9,91.1,98.0,27,17.2,4.631
Australia,2007,19.036,1.266,1506.167,20954545.0,0.011,471.604,Our World in Data (OWID),0.66,9.1,90.9,98.2,28,16.9,4.738
Australia,2008,18.918,1.261,1531.745,21370595.0,0.011,477.421,Our World in Data (OWID),0.54,9.2,90.8,96.6,29,16.6,4.804
Australia,2009,18.683,1.291,1509.545,21783014.0,0.012,480.727,Our World in Data (OWID),0.65,9.4,90.6,96.7,30,16.3,4.938
Australia,2010,18.293,1.216,1508.838,22141583.0,0.012,482.162,Our World in Data (OWID),0.72,9.5,90.5,96.0,31,16.0,5.061000000000001
Australia,2011,17.966,1.171,1558.602,22479779.0,0.012,479.96,Our World in Data (OWID),0.61,10.5,89.5,93.2,31,15.7,5.020999999999999
Australia,2012,17.722,1.159,1536.113,22852648.0,0.012,482.19,Our World in Data (OWID),0.64,11.5,88.5,92.1,32,15.4,5.123
Australia,2013,17.122,1.128,1555.586,23236271.0,0.013,474.764,Our World in Data (OWID),0.67,12.5,87.5,89.8,33,15.1,5.2250000000000005
Australia,2014,16.639,1.107,1566.458,23595599.0,0.013,470.104,Our World in Data (OWID),0.75,13.5,86.5,88.3,34,14.8,5.3420000000000005
Australia,2015,16.727,1.131,1601.626,23947997.0,0.013,480.146,Our World in Data (OWID),0.89,14.5,85.5,89.5,35,14.5,5.477
Australia,2016,16.838,1.157,1606.889,24329963.0,0.013,489.813,Our World in Data (OWID),1.01,16.3,83.7,90.1,36,14.2,5.598
Australia,2017,16.716,1.149,1602.028,24731044.0,0.013,494.391,Our World in Data (OWID),0.91,18.1,81.9,87.7,37,13.9,5.6530000000000005
Australia,2018,16.512,1.129,1625.908,25119700.0,0.014,498.203,Our World in Data (OWID),0.85,20.0,80.0,85.3,38,13.6,5.719
Australia,2019,16.283,1.119,1680.293,25482714.0,0.014,503.416,Our World in Data (OWID),0.98,21.8,78.2,84.8,39,13.3,5.843
Australia,2020,15.481,1.134,1585.412,25743787.0,0.014,480.323,Our World in Data (OWID),1.01,27.7,72.3,79.0,40,13.0,5.896
Australia,2021,14.966,1.054,1589.323,25956417.0,0.014,465.965,Our World in Data (OWID),0.85,29.2,70.8,74.8,40,12.7,5.836
Australia,2022,14.659,1.023,1660.79,26200987.0,0.014,457.782,Our World in Data (OWID),0.89,32.5,67.5,72.3,41,12.4,5.918000000000001
Australia,2023,14.529,1.009,1657.377,26451126.0,0.015,459.374,Our World in Data (OWID),1.17,35.8,64.2,72.9,42,12.1,6.072000000000001
Australia,2024,14.477,1.002,1672.114,26713206.0,0.015,455.555,Our World in Data (OWID),1.28,38.2,61.8,72.5,43,11.8,6.184
Bangladesh,2000,0.197,0.104,136.255,134544303.0,0.001,42.233,Our World in Data (OWID),0.39,2.5,97.5,33.2,35,11.2,5.4799999999999995
Bangladesh,2001,0.227,0.121,155.691,136805810.0,0.001,47.284,Our World in Data (OWID),0.53,2.6,97.4,34.7,35,10.9,5.524
Bangladesh,2002,0.23,0.122,156.245,138933659.0,0.001,48.639,Our World in Data (OWID),0.63,2.8,97.2,35.6,36,10.6,5.655
Bangladesh,2003,0.238,0.121,165.108,140970355.0,0.001,50.638,Our World in Data (OWID),0.61,2.9,97.1,35.3,37,10.3,5.751
Bangladesh,2004,0.252,0.126,175.497,142902857.0,0.001,53.6,Our World in Data (OWID),0.53,3.1,96.9,34.5,38,10.0,5.828
Bangladesh,2005,0.261,0.127,190.247,144715789.0,0.001,55.81,Our World in Data (OWID),0.68,3.2,96.8,36.0,39,9.7,5.975
Bangladesh,2006,0.285,0.136,205.884,146405983.0,0.001,60.371,Our World in Data (OWID),0.64,3.1,96.9,35.7,40,9.4,6.067
Bangladesh,2007,0.288,0.135,211.754,147989282.0,0.001,61.784,Our World in Data (OWID),0.66,3.0,97.0,36.0,41,9.1,6.1770000000000005
Bangladesh,2008,0.303,0.141,222.951,149474264.0,0.001,65.208,Our World in Data (OWID),0.54,3.0,97.0,34.8,42,8.8,6.244
Bangladesh,2009,0.326,0.156,245.344,150873716.0,0.001,69.575,Our World in Data (OWID),0.65,2.9,97.1,36.0,43,8.5,6.381
Bangladesh,2010,0.355,0.162,251.074,152201978.0,0.001,74.929,Our World in Data (OWID),0.72,2.8,97.2,36.9,44,8.2,6.506000000000001
Bangladesh,2011,0.362,0.161,271.629,153591074.0,0.002,76.943,Our World in Data (OWID),0.61,2.9,97.1,35.8,44,7.9,6.4750000000000005
Bangladesh,2012,0.385,0.171,295.028,155070110.0,0.002,81.558,Our World in Data (OWID),0.64,3.1,96.9,36.0,45,7.6,6.585000000000001
Bangladesh,2013,0.414,0.184,306.577,156532134.0,0.002,87.055,Our World in Data (OWID),0.67,3.2,96.8,36.4,46,7.3,6.696
Bangladesh,2014,0.428,0.19,318.558,157964931.0,0.002,90.322,Our World in Data (OWID),0.75,3.4,96.6,37.1,47,7.0,6.821
Bangladesh,2015,0.483,0.217,385.102,159383179.0,0.002,100.147,Our World in Data (OWID),0.89,3.5,96.5,38.7,48,6.7,6.965000000000001
Bangladesh,2016,0.508,0.231,386.701,160811934.0,0.002,105.709,Our World in Data (OWID),1.01,3.7,96.3,39.8,49,6.4,7.102
Bangladesh,2017,0.534,0.241,402.965,162186146.0,0.002,110.948,Our World in Data (OWID),0.91,3.9,96.1,38.8,50,6.1,7.173
Bangladesh,2018,0.53,0.236,430.288,163523109.0,0.002,111.304,Our World in Data (OWID),0.85,4.0,96.0,38.2,51,5.8,7.257000000000001
Bangladesh,2019,0.575,0.256,482.562,164913060.0,0.002,119.659,Our World in Data (OWID),0.98,4.2,95.8,39.5,52,5.5,7.397
Bangladesh,2020,0.576,0.272,457.447,166298024.0,0.002,121.616,Our World in Data (OWID),1.01,4.8,95.2,39.5,53,5.2,7.503
Bangladesh,2021,0.588,0.267,492.47,167658855.0,0.002,124.996,Our World in Data (OWID),0.85,5.2,94.8,37.7,53,4.9,7.454000000000001
Bangladesh,2022,0.603,0.272,512.174,169384891.0,0.002,129.448,Our World in Data (OWID),0.89,5.8,94.2,37.8,54,4.6,7.563000000000001
Bangladesh,2023,0.61,0.274,506.659,171466986.0,0.002,132.205,Our World in Data (OWID),1.17,6.5,93.5,40.3,55,4.3,7.743
Bangladesh,2024,0.624,0.281,529.073,173562366.0,0.002,136.875,Our World in Data (OWID),1.28,7.2,92.8,41.0,56,4.0,7.872000000000001
Brazil,2000,1.955,1.333,2364.255,174018278.0,0.039,486.913,Our World in Data (OWID),0.39,85.2,14.799999999999995,0.0,28,59.4,3.4710000000000005
Brazil,2001,1.963,1.347,2304.051,176301201.0,0.04,490.782,Our World in Data (OWID),0.53,85.1,14.900000000000006,0.0,28,59.1,3.517
Brazil,2002,1.948,1.324,2351.535,178503485.0,0.041,493.764,Our World in Data (OWID),0.63,85.0,15.0,0.0,29,58.8,3.6510000000000002
Brazil,2003,1.908,1.246,2386.334,180622688.0,0.043,497.806,Our World in Data (OWID),0.61,85.0,15.0,0.0,30,58.5,3.7479999999999998
Brazil,2004,1.979,1.263,2503.373,182675144.0,0.044,522.595,Our World in Data (OWID),0.53,84.9,15.099999999999994,0.0,31,58.2,3.828
Brazil,2005,1.973,1.231,2569.063,184688101.0,0.045,523.08,Our World in Data (OWID),0.68,84.8,15.200000000000005,0.0,32,57.9,3.9770000000000003
Brazil,2006,1.976,1.206,2641.583,186653099.0,0.046,529.284,Our World in Data (OWID),0.64,84.5,15.5,0.0,33,57.6,4.071000000000001
Brazil,2007,2.071,1.24,2810.543,188552311.0,0.047,552.945,Our World in Data (OWID),0.66,84.2,15.799999999999995,0.0,34,57.3,4.183000000000001
Brazil,2008,2.168,1.287,2936.354,190367297.0,0.048,573.298,Our World in Data (OWID),0.54,84.0,16.0,0.0,35,57.0,4.252
Brazil,2009,2.029,1.237,2925.52,192079958.0,0.049,544.787,Our World in Data (OWID),0.65,83.7,16.299999999999997,0.0,36,56.7,4.391
Brazil,2010,2.273,1.321,3188.735,193701931.0,0.049,603.66,Our World in Data (OWID),0.72,83.4,16.599999999999994,0.0,37,56.4,4.518000000000001
Brazil,2011,2.365,1.34,3316.323,195284736.0,0.05,622.712,Our World in Data (OWID),0.61,82.8,17.200000000000003,0.0,37,56.1,4.494
Brazil,2012,2.527,1.423,3408.335,196876113.0,0.051,660.657,Our World in Data (OWID),0.64,82.1,17.900000000000006,0.1,38,55.8,4.613
Brazil,2013,2.678,1.507,3500.955,198478290.0,0.052,698.02,Our World in Data (OWID),0.67,81.5,18.5,1.2,39,55.5,4.731
Brazil,2014,2.781,1.569,3575.635,200085126.0,0.053,726.699,Our World in Data (OWID),0.75,80.8,19.200000000000003,2.8,40,55.2,4.865
Brazil,2015,2.619,1.492,3535.438,201675534.0,0.054,702.269,Our World in Data (OWID),0.89,80.2,19.8,4.0,41,54.9,5.016000000000001
Brazil,2016,2.42,1.389,3451.454,203218108.0,0.054,665.929,Our World in Data (OWID),1.01,81.0,19.0,4.0,42,54.6,5.147
Brazil,2017,2.429,1.382,3477.629,204703440.0,0.055,674.878,Our World in Data (OWID),0.91,81.8,18.200000000000003,2.6,43,54.3,5.212
Brazil,2018,2.312,1.297,3486.378,206107265.0,0.056,658.381,Our World in Data (OWID),0.85,82.7,17.299999999999997,1.1,44,54.0,5.288
Brazil,2019,2.298,1.285,3567.019,207455459.0,0.057,661.136,Our World in Data (OWID),0.98,83.5,16.5,1.9,45,53.7,5.422
Brazil,2020,2.147,1.274,3422.429,208660845.0,0.058,635.026,Our World in Data (OWID),1.01,84.8,15.200000000000005,1.0,46,53.4,5.521000000000001
Brazil,2021,2.37,1.347,3581.199,209550291.0,0.059,683.825,Our World in Data (OWID),0.85,83.7,16.299999999999997,0.8,46,53.1,5.487000000000001
Brazil,2022,2.283,1.279,3731.718,210306411.0,0.06,673.556,Our World in Data (OWID),0.89,85.2,14.799999999999995,0.0,47,52.8,5.587000000000001
Brazil,2023,2.292,1.271,3853.746,211140731.0,0.06,679.513,Our World in Data (OWID),1.17,88.1,11.900000000000006,1.3,48,52.5,5.745
Brazil,2024,2.278,1.251,3919.054,211998565.0,0.061,681.164,Our World in Data (OWID),1.28,89.5,10.5,1.5,49,52.2,5.867000000000001
Canada,2000,18.344,2.221,3647.49,30891800.0,0.023,670.824,Our World in Data (OWID),0.39,58.2,41.8,66.1,18,38.2,2.9530000000000003
Canada,2001,17.908,2.176,3572.098,31213578.0,0.024,662.174,Our World in Data (OWID),0.53,58.7,41.3,65.7,18,37.9,2.993
Canada,2002,17.893,2.148,3693.393,31535579.0,0.024,669.122,Our World in Data (OWID),0.63,59.1,40.9,66.4,19,37.6,3.122
Canada,2003,18.255,2.102,3711.021,31836483.0,0.024,685.815,Our World in Data (OWID),0.61,59.6,40.4,67.2,20,37.3,3.2139999999999995
Canada,2004,17.935,2.014,3768.068,32132680.0,0.025,682.111,Our World in Data (OWID),0.53,60.0,40.0,65.1,21,37.0,3.2889999999999997
Canada,2005,17.583,1.927,3796.704,32440172.0,0.025,674.758,Our World in Data (OWID),0.68,60.5,39.5,65.1,22,36.7,3.4320000000000004
Canada,2006,17.287,1.851,3669.61,32759174.0,0.025,674.419,Our World in Data (OWID),0.64,61.1,38.9,63.3,23,36.4,3.5170000000000003
Canada,2007,17.828,1.873,3918.65,33092171.0,0.026,697.734,Our World in Data (OWID),0.66,61.7,38.3,65.1,24,36.1,3.62
Canada,2008,17.167,1.792,3871.871,33449088.0,0.026,679.156,Our World in Data (OWID),0.54,62.3,37.7,61.2,25,35.8,3.681
Canada,2009,15.997,1.717,3720.504,33826370.0,0.026,639.931,Our World in Data (OWID),0.65,62.9,37.1,57.9,26,35.5,3.811
Canada,2010,16.209,1.664,3760.554,34196900.0,0.027,654.384,Our World in Data (OWID),0.72,63.5,36.5,59.0,27,35.2,3.9290000000000003
Canada,2011,16.288,1.632,3900.117,34555449.0,0.027,664.604,Our World in Data (OWID),0.61,64.0,36.0,57.9,27,34.9,3.8939999999999997
Canada,2012,16.086,1.607,3901.693,34922513.0,0.027,666.107,Our World in Data (OWID),0.64,64.4,35.599999999999994,57.3,28,34.6,4.002000000000001
Canada,2013,16.11,1.612,4004.351,35293421.0,0.028,673.192,Our World in Data (OWID),0.67,64.9,35.099999999999994,57.4,29,34.3,4.109
Canada,2014,15.854,1.593,4009.156,35634265.0,0.028,675.089,Our World in Data (OWID),0.75,65.3,34.7,57.1,30,34.0,4.232
Canada,2015,15.655,1.59,4021.453,35962236.0,0.028,672.71,Our World in Data (OWID),0.89,65.8,34.2,57.5,31,33.7,4.372
Canada,2016,15.231,1.564,3973.037,36353345.0,0.029,658.716,Our World in Data (OWID),1.01,66.2,33.8,57.0,32,33.4,4.507000000000001
Canada,2017,15.395,1.575,4026.635,36808498.0,0.029,673.656,Our World in Data (OWID),0.91,66.7,33.3,56.3,33,33.1,4.575000000000001
Canada,2018,15.42,1.566,4082.489,37294996.0,0.029,683.597,Our World in Data (OWID),0.85,67.1,32.900000000000006,55.6,34,32.8,4.656
Canada,2019,15.325,1.561,4059.989,37782934.0,0.029,686.547,Our World in Data (OWID),0.98,67.5,32.5,56.3,35,32.5,4.7940000000000005
Canada,2020,13.733,1.491,3834.944,38171903.0,0.03,616.927,Our World in Data (OWID),1.01,68.8,31.200000000000003,50.3,36,32.2,4.893
Canada,2021,13.977,1.458,3861.98,38454058.0,0.03,634.294,Our World in Data (OWID),0.85,67.5,32.5,50.3,36,31.9,4.861
Canada,2022,14.107,1.459,3964.521,38821259.0,0.03,646.803,Our World in Data (OWID),0.89,68.5,31.5,50.6,37,31.6,4.966
Canada,2023,13.88,1.432,3887.86,39299098.0,0.031,648.493,Our World in Data (OWID),1.17,69.2,30.8,52.2,38,31.3,5.146
Canada,2024,13.42,1.382,3886.195,39742429.0,0.031,632.399,Our World in Data (OWID),1.28,70.5,29.5,51.0,39,31.0,5.269000000000001
China,2000,2.87,14.283,11800.284,1269581174.0,0.061,4281.563,Our World in Data (OWID),0.39,19.3,80.7,33.3,40,23.4,5.69
China,2001,2.912,14.495,12470.063,1278725061.0,0.063,4380.003,Our World in Data (OWID),0.53,19.0,81.0,35.0,40,23.1,5.7379999999999995
China,2002,3.185,15.603,13580.491,1286866835.0,0.065,4772.301,Our World in Data (OWID),0.63,18.7,81.3,37.2,41,22.8,5.8740000000000006
China,2003,3.735,17.486,15818.756,1294517323.0,0.067,5576.535,Our World in Data (OWID),0.61,18.4,81.6,39.1,42,22.5,5.974
China,2004,4.002,18.214,18509.137,1302100316.0,0.069,6015.262,Our World in Data (OWID),0.53,18.1,81.9,39.4,43,22.2,6.056
China,2005,4.49,19.872,21027.164,1310027135.0,0.072,6746.289,Our World in Data (OWID),0.68,17.8,82.2,42.7,44,21.9,6.207
China,2006,4.921,21.201,23048.334,1318054030.0,0.075,7403.366,Our World in Data (OWID),0.64,17.9,82.1,43.8,45,21.6,6.297
China,2007,5.261,22.142,25049.576,1325813576.0,0.078,7925.848,Our World in Data (OWID),0.66,18.1,81.9,45.1,46,21.3,6.404000000000001
China,2008,5.617,23.377,26020.463,1333821011.0,0.082,8441.73,Our World in Data (OWID),0.54,18.2,81.8,45.0,47,21.0,6.47
China,2009,5.871,25.01,27158.898,1342522717.0,0.085,8823.625,Our World in Data (OWID),0.65,18.4,81.6,46.9,48,20.7,6.604000000000001
China,2010,6.37,25.842,29055.609,1351561505.0,0.089,9600.764,Our World in Data (OWID),0.72,18.5,81.5,49.3,49,20.4,6.727000000000001
China,2011,6.999,27.611,31336.537,1360250658.0,0.094,10605.287,Our World in Data (OWID),0.61,19.6,80.4,49.8,49,20.1,6.686000000000001
China,2012,7.132,27.943,32624.18,1369520866.0,0.098,10853.954,Our World in Data (OWID),0.64,20.6,79.4,50.0,50,19.8,6.788
China,2013,7.21,28.185,33852.566,1379008040.0,0.102,11041.993,Our World in Data (OWID),0.67,21.7,78.3,50.0,51,19.5,6.889
China,2014,7.188,28.129,34729.066,1387951970.0,0.107,11086.678,Our World in Data (OWID),0.75,22.7,77.3,50.2,52,19.2,7.005999999999999
China,2015,7.061,27.845,35135.988,1396134171.0,0.111,10966.92,Our World in Data (OWID),0.89,23.8,76.2,50.5,53,18.9,7.140000000000001
China,2016,6.943,27.543,35277.711,1404052628.0,0.116,10814.965,Our World in Data (OWID),1.01,24.8,75.2,50.8,54,18.6,7.269
China,2017,7.08,27.797,36649.383,1412354730.0,0.12,11097.793,Our World in Data (OWID),0.91,25.9,74.1,49.6,55,18.3,7.3309999999999995
China,2018,7.292,28.167,38409.82,1419008954.0,0.125,11487.489,Our World in Data (OWID),0.85,26.9,73.1,49.2,56,18.0,7.406000000000001
China,2019,7.526,28.888,40188.723,1423520357.0,0.129,11888.703,Our World in Data (OWID),0.98,27.9,72.1,50.8,57,17.7,7.538
China,2020,7.641,30.993,41493.891,1426106093.0,0.134,12091.771,Our World in Data (OWID),1.01,28.8,71.2,51.0,58,17.4,7.641
China,2021,7.911,30.609,43847.18,1426437269.0,0.139,12538.149,Our World in Data (OWID),0.85,29.4,70.6,50.0,58,17.1,7.59
China,2022,8.218,31.208,44516.492,1425179562.0,0.144,13031.949,Our World in Data (OWID),0.89,31.2,68.8,50.5,59,16.8,7.687
China,2023,8.556,31.953,47072.012,1422584930.0,0.15,13532.396,Our World in Data (OWID),1.17,33.1,66.9,53.4,60,16.5,7.855
China,2024,8.658,31.838,48987.102,1419321284.0,0.155,13698.566,Our World in Data (OWID),1.28,35.0,65.0,53.9,61,16.2,7.972000000000001
France,2000,6.85,1.597,3117.909,59483716.0,0.014,453.424,Our World in Data (OWID),0.39,14.5,85.5,49.9,13,31.8,2.954
France,2001,6.871,1.602,3143.046,59905131.0,0.014,456.767,Our World in Data (OWID),0.53,14.6,85.4,51.3,13,31.5,2.998
France,2002,6.747,1.55,3118.919,60327247.0,0.014,451.722,Our World in Data (OWID),0.63,14.6,85.4,51.9,14,31.2,3.1310000000000002
France,2003,6.799,1.493,3153.042,60741119.0,0.014,457.983,Our World in Data (OWID),0.61,14.7,85.3,51.8,15,30.9,3.2270000000000003
France,2004,6.769,1.447,3180.13,61175244.0,0.014,458.178,Our World in Data (OWID),0.53,14.7,85.3,50.9,16,30.6,3.306
France,2005,6.756,1.407,3154.079,61625031.0,0.014,459.587,Our World in Data (OWID),0.68,14.8,85.2,52.3,17,30.3,3.4530000000000003
France,2006,6.554,1.329,3128.931,62049831.0,0.015,448.105,Our World in Data (OWID),0.64,15.1,84.9,51.0,18,30.0,3.5410000000000004
France,2007,6.35,1.259,3075.79,62432438.0,0.015,437.181,Our World in Data (OWID),0.66,15.5,84.5,50.3,19,29.7,3.646
France,2008,6.209,1.216,3084.845,62780187.0,0.015,430.355,Our World in Data (OWID),0.54,15.8,84.2,48.4,20,29.4,3.71
France,2009,5.885,1.179,2908.91,63106460.0,0.015,411.095,Our World in Data (OWID),0.65,16.2,83.8,48.2,21,29.1,3.842
France,2010,5.946,1.132,3001.231,63417366.0,0.015,417.321,Our World in Data (OWID),0.72,16.5,83.5,48.9,22,28.8,3.9630000000000005
France,2011,5.572,1.03,2897.71,63733776.0,0.015,393.804,Our World in Data (OWID),0.61,17.2,82.8,46.1,22,28.5,3.9259999999999997
France,2012,5.59,1.024,2894.858,64058465.0,0.015,396.417,Our World in Data (OWID),0.64,17.8,82.2,46.2,23,28.2,4.032
France,2013,5.591,1.021,2925.053,64387736.0,0.016,398.033,Our World in Data (OWID),0.67,18.5,81.5,46.1,24,27.9,4.1370000000000005
France,2014,5.067,0.924,2797.782,64692495.0,0.016,364.417,Our World in Data (OWID),0.75,19.1,80.9,44.7,25,27.6,4.258
France,2015,5.116,0.938,2823.427,64916337.0,0.016,367.359,Our World in Data (OWID),0.89,19.8,80.2,45.9,26,27.3,4.396000000000001
France,2016,5.155,0.948,2766.597,65086853.0,0.016,370.86,Our World in Data (OWID),1.01,20.7,79.3,46.8,27,27.0,4.526
France,2017,5.183,0.941,2756.229,65284775.0,0.016,374.168,Our World in Data (OWID),0.91,21.6,78.4,45.4,28,26.7,4.590000000000001
France,2018,4.931,0.88,2790.429,65519537.0,0.016,359.495,Our World in Data (OWID),0.85,22.6,77.4,43.3,29,26.4,4.665
France,2019,4.812,0.853,2731.347,65729460.0,0.016,351.154,Our World in Data (OWID),0.98,23.5,76.5,43.7,30,26.1,4.798
France,2020,4.272,0.801,2444.265,65905273.0,0.017,314.11,Our World in Data (OWID),1.01,25.8,74.2,40.9,31,25.8,4.887
France,2021,4.65,0.833,2597.561,66083547.0,0.017,340.204,Our World in Data (OWID),0.85,24.2,75.8,41.5,31,25.5,4.858
France,2022,4.456,0.787,2306.192,66277412.0,0.017,327.29,Our World in Data (OWID),0.89,26.5,73.5,39.9,32,25.2,4.95
France,2023,4.068,0.709,2406.514,66438828.0,0.017,301.16,Our World in Data (OWID),1.17,28.8,71.2,40.1,33,24.9,5.114
France,2024,3.969,0.684,2519.901,66548532.0,0.017,294.26,Our World in Data (OWID),1.28,30.2,69.8,40.1,34,24.6,5.236000000000001
Germany,2000,10.99,3.524,3988.179,81797255.0,0.035,978.32,Our World in Data (OWID),0.39,6.2,93.8,69.0,12,32.8,2.9270000000000005
Germany,2001,11.171,3.562,4062.799,81933882.0,0.035,989.112,Our World in Data (OWID),0.53,7.0,93.0,70.5,12,32.5,2.9640000000000004
Germany,2002,10.952,3.422,4011.723,82068328.0,0.035,969.333,Our World in Data (OWID),0.63,7.9,92.1,70.3,13,32.2,3.0879999999999996
Germany,2003,10.894,3.235,4010.471,82111619.0,0.036,961.947,Our World in Data (OWID),0.61,8.7,91.3,69.4,14,31.9,3.1770000000000005
Germany,2004,10.678,3.064,4009.893,82092706.0,0.036,941.51,Our World in Data (OWID),0.53,9.6,90.4,67.4,15,31.6,3.247
Germany,2005,10.578,2.932,3962.635,82046733.0,0.037,929.303,Our World in Data (OWID),0.68,10.4,89.6,68.1,16,31.3,3.387
Germany,2006,10.85,2.897,4062.387,81701971.0,0.037,946.095,Our World in Data (OWID),0.64,11.7,88.3,67.9,17,31.0,3.4650000000000003
Germany,2007,10.408,2.686,3893.423,81298546.0,0.037,905.269,Our World in Data (OWID),0.66,13.0,87.0,65.9,18,30.7,3.561
Germany,2008,10.561,2.673,3934.666,81110780.0,0.038,912.337,Our World in Data (OWID),0.54,14.4,85.6,64.4,19,30.4,3.614
Germany,2009,9.761,2.507,3692.178,80935276.0,0.038,842.565,Our World in Data (OWID),0.65,15.7,84.3,62.0,20,30.1,3.737
Germany,2010,10.228,2.481,3847.151,80830916.0,0.039,878.144,Our World in Data (OWID),0.72,17.0,83.0,63.6,21,29.8,3.8480000000000003
Germany,2011,9.95,2.333,3710.585,80857877.0,0.039,854.613,Our World in Data (OWID),0.61,20.1,79.9,59.9,21,29.5,3.787
Germany,2012,10.061,2.329,3761.916,80916391.0,0.039,862.722,Our World in Data (OWID),0.64,23.2,76.8,58.9,22,29.2,3.8680000000000003
Germany,2013,10.263,2.358,3868.517,81041581.0,0.04,878.829,Our World in Data (OWID),0.67,26.3,73.7,58.2,23,28.9,3.9490000000000003
Germany,2014,9.74,2.235,3710.465,81376078.0,0.04,837.888,Our World in Data (OWID),0.75,29.4,70.6,55.4,24,28.6,4.045
Germany,2015,9.757,2.262,3780.86,82077546.0,0.04,845.295,Our World in Data (OWID),0.89,32.5,67.5,55.2,25,28.3,4.159
Germany,2016,9.642,2.255,3841.451,82760102.0,0.041,841.167,Our World in Data (OWID),1.01,34.9,65.1,54.7,26,28.0,4.274
Germany,2017,9.441,2.181,3949.556,83104010.0,0.041,827.495,Our World in Data (OWID),0.91,37.3,62.7,51.6,27,27.7,4.323
Germany,2018,9.101,2.066,3845.414,83368507.0,0.041,800.664,Our World in Data (OWID),0.85,39.7,60.3,48.5,28,27.4,4.384
Germany,2019,8.481,1.911,3753.704,83559184.0,0.042,748.862,Our World in Data (OWID),0.98,42.1,57.9,46.3,29,27.1,4.502000000000001
Germany,2020,7.739,1.841,3498.915,83628711.0,0.042,685.843,Our World in Data (OWID),1.01,45.4,54.6,42.2,30,26.8,4.581
Germany,2021,8.101,1.839,3598.492,83697080.0,0.042,717.596,Our World in Data (OWID),0.85,40.8,59.2,44.4,30,26.5,4.582
Germany,2022,7.942,1.78,3455.45,84086227.0,0.043,706.251,Our World in Data (OWID),0.89,46.2,53.8,41.3,31,26.2,4.643000000000001
Germany,2023,7.023,1.559,3178.886,84548233.0,0.043,629.899,Our World in Data (OWID),1.17,59.0,41.0,33.8,32,25.9,4.702
Germany,2024,6.769,1.483,3195.441,84552234.0,0.043,608.397,Our World in Data (OWID),1.28,62.0,38.0,32.4,33,25.6,4.808
India,2000,0.933,3.869,3725.401,1057922731.0,0.02,1212.075,Our World in Data (OWID),0.39,17.5,82.5,27.5,38,24.1,5.501
India,2001,0.929,3.897,3740.874,1077898579.0,0.02,1228.616,Our World in Data (OWID),0.53,17.6,82.4,28.9,38,23.8,5.545
India,2002,0.941,3.932,3870.809,1097600380.0,0.021,1263.51,Our World in Data (OWID),0.63,17.8,82.2,29.8,39,23.5,5.676
India,2003,0.957,3.864,4008.71,1116803000.0,0.021,1305.699,Our World in Data (OWID),0.61,17.9,82.1,29.6,40,23.2,5.771999999999999
India,2004,0.999,3.966,4352.651,1135991509.0,0.022,1378.99,Our World in Data (OWID),0.53,18.1,81.9,28.8,41,22.9,5.849
India,2005,1.035,4.039,4608.417,1154676321.0,0.022,1445.262,Our World in Data (OWID),0.68,18.2,81.8,30.4,42,22.6,5.9959999999999996
India,2006,1.103,4.227,4854.867,1172878888.0,0.023,1549.979,Our World in Data (OWID),0.64,18.3,81.7,30.2,43,22.3,6.086
India,2007,1.17,4.424,5268.96,1190676028.0,0.024,1660.112,Our World in Data (OWID),0.66,18.4,81.6,30.6,44,22.0,6.194000000000001
India,2008,1.234,4.65,5576.529,1207930960.0,0.024,1768.282,Our World in Data (OWID),0.54,18.6,81.4,29.5,45,21.7,6.259
India,2009,1.316,5.12,5988.39,1225524764.0,0.025,1903.149,Our World in Data (OWID),0.65,18.7,81.3,30.8,46,21.4,6.394
India,2010,1.35,5.038,6247.89,1243481565.0,0.026,1973.835,Our World in Data (OWID),0.72,18.8,81.2,31.6,47,21.1,6.517
India,2011,1.4,5.121,6587.01,1261224956.0,0.027,2072.287,Our World in Data (OWID),0.61,19.3,80.7,30.4,47,20.8,6.482
India,2012,1.507,5.513,6937.768,1278674501.0,0.028,2245.158,Our World in Data (OWID),0.64,19.9,80.1,30.7,48,20.5,6.588000000000001
India,2013,1.54,5.656,7163.062,1295829507.0,0.029,2286.255,Our World in Data (OWID),0.67,20.4,79.6,30.9,49,20.2,6.695
India,2014,1.637,6.057,7652.732,1312277184.0,0.03,2449.302,Our World in Data (OWID),0.75,21.0,79.0,31.7,50,19.9,6.816
India,2015,1.681,6.304,7892.49,1328024494.0,0.031,2539.29,Our World in Data (OWID),0.89,21.5,78.5,33.0,51,19.6,6.956000000000001
India,2016,1.75,6.647,8262.856,1343944296.0,0.032,2663.638,Our World in Data (OWID),1.01,22.0,78.0,34.1,52,19.3,7.090000000000001
India,2017,1.784,6.743,8571.671,1359657398.0,0.033,2741.299,Our World in Data (OWID),0.91,22.4,77.6,33.0,53,19.0,7.159000000000001
India,2018,1.888,7.065,9063.36,1374659067.0,0.034,2923.173,Our World in Data (OWID),0.85,22.9,77.1,32.5,54,18.7,7.239
India,2019,1.88,7.041,9281.595,1389030307.0,0.035,2937.495,Our World in Data (OWID),0.98,23.4,76.6,33.5,55,18.4,7.3759999999999994
India,2020,1.727,6.891,8792.22,1402617694.0,0.036,2742.09,Our World in Data (OWID),1.01,24.8,75.2,32.5,56,18.1,7.474
India,2021,1.892,7.258,9544.969,1414203896.0,0.037,3013.546,Our World in Data (OWID),0.85,27.5,72.5,30.0,56,17.8,7.402
India,2022,1.986,7.544,10059.478,1425423209.0,0.039,3185.276,Our World in Data (OWID),0.89,31.2,68.8,28.7,57,17.5,7.48
India,2023,2.13,8.04,10827.859,1438069597.0,0.04,3431.968,Our World in Data (OWID),1.17,40.1,59.9,27.1,58,17.2,7.578000000000001
India,2024,2.201,8.274,11336.057,1450935785.0,0.041,3571.002,Our World in Data (OWID),1.28,43.2,56.8,26.7,59,16.9,7.683
Indonesia,2000,1.301,1.102,1164.199,216077789.0,0.027,398.571,Our World in Data (OWID),0.39,44.5,55.5,14.0,32,52.1,4.351
Indonesia,2001,1.446,1.233,1246.685,219097905.0,0.027,437.666,Our World in Data (OWID),0.53,44.2,55.8,16.1,32,51.8,4.399
Indonesia,2002,1.388,1.173,1281.019,222088499.0,0.028,427.667,Our World in Data (OWID),0.63,43.8,56.2,17.1,33,51.5,4.5360000000000005
Indonesia,2003,1.506,1.226,1391.678,225048005.0,0.028,460.88,Our World in Data (OWID),0.61,43.5,56.5,17.4,34,51.2,4.636
Indonesia,2004,1.504,1.198,1376.724,227926649.0,0.028,467.126,Our World in Data (OWID),0.53,43.1,56.9,16.9,35,50.9,4.718999999999999
Indonesia,2005,1.505,1.174,1416.892,230871648.0,0.029,475.688,Our World in Data (OWID),0.68,42.8,57.2,18.5,36,50.6,4.87
Indonesia,2006,1.481,1.132,1441.128,233951650.0,0.03,486.956,Our World in Data (OWID),0.64,41.9,58.1,18.5,37,50.3,4.970000000000001
Indonesia,2007,1.635,1.23,1546.681,237062338.0,0.03,530.235,Our World in Data (OWID),0.66,41.1,58.9,19.7,38,50.0,5.087
Indonesia,2008,1.521,1.14,1564.584,240157902.0,0.031,511.871,Our World in Data (OWID),0.54,40.2,59.8,18.6,39,49.7,5.163
Indonesia,2009,1.639,1.265,1607.271,243220024.0,0.031,557.111,Our World in Data (OWID),0.65,39.4,60.6,20.6,40,49.4,5.307
Indonesia,2010,1.808,1.337,1739.49,246305327.0,0.032,607.29,Our World in Data (OWID),0.72,38.5,61.5,22.4,41,49.1,5.440000000000001
Indonesia,2011,2.006,1.451,1837.594,249470029.0,0.033,704.186,Our World in Data (OWID),0.61,37.6,62.4,22.4,41,48.8,5.419
Indonesia,2012,2.041,1.476,1937.146,252698525.0,0.033,730.507,Our World in Data (OWID),0.64,36.8,63.2,23.3,42,48.5,5.539
Indonesia,2013,1.929,1.399,1824.511,255852464.0,0.034,710.987,Our World in Data (OWID),0.67,35.9,64.1,23.7,43,48.2,5.659999999999999
Indonesia,2014,1.924,1.404,1856.634,258877395.0,0.035,722.377,Our World in Data (OWID),0.75,35.1,64.9,24.9,44,47.9,5.795
Indonesia,2015,2.105,1.557,1896.461,261799249.0,0.036,764.637,Our World in Data (OWID),0.89,34.2,65.8,27.5,45,47.6,5.949000000000001
Indonesia,2016,2.071,1.548,1884.228,264627429.0,0.036,766.928,Our World in Data (OWID),1.01,28.9,71.1,31.5,46,47.3,6.141000000000001
Indonesia,2017,2.136,1.587,2023.711,267346654.0,0.037,806.308,Our World in Data (OWID),0.91,23.5,76.5,33.7,47,47.0,6.268
Indonesia,2018,2.25,1.653,2131.562,269951847.0,0.038,873.766,Our World in Data (OWID),0.85,18.2,81.8,36.4,48,46.7,6.406000000000001
Indonesia,2019,2.441,1.793,2253.939,272489381.0,0.038,948.461,Our World in Data (OWID),0.98,12.8,87.2,41.3,49,46.4,6.602
Indonesia,2020,2.268,1.773,2116.31,274814861.0,0.039,891.273,Our World in Data (OWID),1.01,13.5,86.5,40.6,50,46.1,6.707
Indonesia,2021,2.287,1.717,2196.681,276758056.0,0.04,901.885,Our World in Data (OWID),0.85,13.8,86.2,38.9,50,45.8,6.659
Indonesia,2022,2.719,2.02,2749.242,278830527.0,0.04,1060.769,Our World in Data (OWID),0.89,14.2,85.8,40.6,51,45.5,6.7700000000000005
Indonesia,2023,2.711,2.001,2785.135,281190068.0,0.041,1093.872,Our World in Data (OWID),1.17,14.8,85.2,43.0,52,45.2,6.9510000000000005
Indonesia,2024,2.865,2.104,2984.731,283487933.0,0.041,1142.432,Our World in Data (OWID),1.28,15.5,84.5,44.3,53,44.9,7.080000000000001
Japan,2000,9.921,4.94,6253.324,127027794.0,0.02,1304.856,Our World in Data (OWID),0.39,9.8,90.2,63.2,30,68.5,4.334
Japan,2001,9.79,4.849,6185.704,127260144.0,0.021,1289.223,Our World in Data (OWID),0.53,9.9,90.1,64.1,30,68.2,4.378
Japan,2002,10.005,4.856,6165.896,127484599.0,0.022,1317.143,Our World in Data (OWID),0.63,10.0,90.0,65.8,31,67.9,4.510000000000001
Japan,2003,10.056,4.643,6162.913,127671254.0,0.022,1324.631,Our World in Data (OWID),0.61,10.0,90.0,65.8,32,67.6,4.607
Japan,2004,10.008,4.471,6247.106,127815769.0,0.023,1319.165,Our World in Data (OWID),0.53,10.1,89.9,64.8,33,67.3,4.6850000000000005
Japan,2005,10.057,4.346,6353.936,127913331.0,0.023,1325.262,Our World in Data (OWID),0.68,10.2,89.8,66.4,34,67.0,4.832000000000001
Japan,2006,9.871,4.13,6336.102,127997247.0,0.024,1301.247,Our World in Data (OWID),0.64,10.3,89.7,65.3,35,66.7,4.922000000000001
Japan,2007,10.141,4.124,6275.421,128087683.0,0.024,1336.493,Our World in Data (OWID),0.66,10.4,89.6,66.4,36,66.4,5.03
Japan,2008,9.587,3.834,6158.084,128155992.0,0.025,1262.861,Our World in Data (OWID),0.54,10.6,89.4,63.1,37,66.1,5.095000000000001
Japan,2009,9.051,3.682,5622.332,128192471.0,0.025,1192.52,Our World in Data (OWID),0.65,10.7,89.3,62.3,38,65.8,5.2299999999999995
Japan,2010,9.448,3.635,5983.169,128185273.0,0.026,1243.836,Our World in Data (OWID),0.72,10.8,89.2,64.3,39,65.5,5.353000000000001
Japan,2011,9.846,3.658,5669.594,128096430.0,0.027,1292.941,Our World in Data (OWID),0.61,11.6,88.4,64.2,39,65.2,5.315
Japan,2012,10.178,3.725,5615.285,127928283.0,0.027,1333.089,Our World in Data (OWID),0.64,12.4,87.6,65.2,40,64.9,5.4190000000000005
Japan,2013,10.271,3.719,5576.221,127723642.0,0.028,1342.74,Our World in Data (OWID),0.67,13.2,86.8,65.4,41,64.6,5.523000000000001
Japan,2014,9.886,3.553,5431.795,127486601.0,0.028,1289.655,Our World in Data (OWID),0.75,14.0,86.0,64.4,42,64.3,5.642
Japan,2015,9.585,3.446,5363.261,127275868.0,0.029,1248.78,Our World in Data (OWID),0.89,14.8,85.2,64.3,43,64.0,5.779000000000001
Japan,2016,9.436,3.39,5295.819,127159950.0,0.029,1228.313,Our World in Data (OWID),1.01,15.7,84.3,64.5,44,63.7,5.909000000000001
Japan,2017,9.321,3.292,5354.196,127064686.0,0.03,1212.847,Our World in Data (OWID),0.91,16.6,83.4,62.6,45,63.4,5.972999999999999
Japan,2018,8.971,3.099,5317.67,126913432.0,0.03,1166.403,Our World in Data (OWID),0.85,17.6,82.4,60.2,46,63.1,6.048
Japan,2019,8.698,2.972,5205.6,126699421.0,0.031,1129.188,Our World in Data (OWID),0.98,18.5,81.5,60.1,47,62.8,6.181
Japan,2020,8.213,2.95,4825.24,126304533.0,0.031,1063.333,Our World in Data (OWID),1.01,19.8,80.2,58.0,48,62.5,6.280000000000001
Japan,2021,8.422,2.871,5029.708,125679342.0,0.032,1084.914,Our World in Data (OWID),0.85,20.2,79.8,56.9,48,62.2,6.231000000000001
Japan,2022,8.237,2.744,4996.771,124997585.0,0.032,1055.174,Our World in Data (OWID),0.89,21.5,78.5,55.9,49,61.9,6.333000000000001
Japan,2023,7.935,2.591,4858.53,124370947.0,0.033,1011.556,Our World in Data (OWID),1.17,23.8,76.2,56.4,50,61.6,6.497
Japan,2024,7.772,2.492,4794.816,123753041.0,0.033,986.177,Our World in Data (OWID),1.28,25.2,74.8,56.1,51,61.3,6.619000000000001
Mexico,2000,3.969,1.534,1696.177,98625553.0,0.009,468.042,Our World in Data (OWID),0.39,14.5,85.5,39.8,24,33.9,4.033
Mexico,2001,4.071,1.586,1680.273,100099101.0,0.01,482.324,Our World in Data (OWID),0.53,14.6,85.4,41.5,24,33.6,4.077
Mexico,2002,4.04,1.562,1721.102,101548627.0,0.01,483.786,Our World in Data (OWID),0.63,14.8,85.2,42.3,25,33.3,4.208
Mexico,2003,4.234,1.577,1741.966,102978517.0,0.01,512.94,Our World in Data (OWID),0.61,14.9,85.1,42.7,26,33.0,4.304
Mexico,2004,4.201,1.533,1843.897,104394131.0,0.01,515.391,Our World in Data (OWID),0.53,15.1,84.9,41.7,27,32.7,4.381
Mexico,2005,4.38,1.566,2020.163,105811504.0,0.011,542.283,Our World in Data (OWID),0.68,15.2,84.8,43.8,28,32.4,4.5280000000000005
Mexico,2006,4.424,1.551,2049.435,107253666.0,0.011,556.295,Our World in Data (OWID),0.64,15.3,84.7,43.5,29,32.1,4.618000000000001
Mexico,2007,4.354,1.504,2068.578,108774356.0,0.011,557.315,Our World in Data (OWID),0.66,15.4,84.6,43.4,30,31.8,4.726
Mexico,2008,4.285,1.476,2153.625,110374286.0,0.011,559.868,Our World in Data (OWID),0.54,15.6,84.4,41.8,31,31.5,4.791
Mexico,2009,4.11,1.461,2117.244,111999720.0,0.011,544.354,Our World in Data (OWID),0.65,15.7,84.3,42.2,32,31.2,4.926
Mexico,2010,4.017,1.37,2125.454,113623898.0,0.012,539.84,Our World in Data (OWID),0.72,15.8,84.2,42.6,33,30.9,5.049000000000001
Mexico,2011,4.194,1.402,2221.887,115243503.0,0.012,569.001,Our World in Data (OWID),0.61,16.3,83.7,41.8,33,30.6,5.014
Mexico,2012,4.293,1.435,2241.891,116818208.0,0.012,586.541,Our World in Data (OWID),0.64,16.9,83.1,42.1,34,30.3,5.120000000000001
Mexico,2013,4.186,1.404,2242.857,118343572.0,0.012,581.3,Our World in Data (OWID),0.67,17.4,82.6,41.8,35,30.0,5.226999999999999
Mexico,2014,4.041,1.365,2230.574,119784265.0,0.013,569.395,Our World in Data (OWID),0.75,18.0,82.0,41.7,36,29.7,5.348000000000001
Mexico,2015,3.96,1.354,2205.421,121072310.0,0.013,565.085,Our World in Data (OWID),0.89,18.5,81.5,42.6,37,29.4,5.488
Mexico,2016,3.917,1.353,2276.179,122251344.0,0.013,565.385,Our World in Data (OWID),1.01,19.5,80.5,43.1,38,29.1,5.617000000000001
Mexico,2017,3.763,1.291,2329.706,123400052.0,0.013,550.943,Our World in Data (OWID),0.91,20.5,79.5,41.0,39,28.8,5.68
Mexico,2018,3.76,1.275,2284.338,124573713.0,0.013,554.723,Our World in Data (OWID),0.85,21.5,78.5,39.8,40,28.5,5.755
Mexico,2019,3.723,1.263,2260.167,125762978.0,0.014,554.987,Our World in Data (OWID),0.98,22.5,77.5,40.5,41,28.2,5.8870000000000005
Mexico,2020,3.383,1.22,2070.562,126799053.0,0.014,515.552,Our World in Data (OWID),1.01,25.2,74.8,38.1,42,27.9,5.972
Mexico,2021,3.501,1.212,2198.545,127648151.0,0.014,533.09,Our World in Data (OWID),0.85,24.8,75.2,37.1,42,27.6,5.931
Mexico,2022,3.528,1.209,2296.863,128613116.0,0.014,541.972,Our World in Data (OWID),0.89,25.5,74.5,37.2,43,27.3,6.039000000000001
Mexico,2023,3.532,1.203,2294.144,129739761.0,0.014,548.305,Our World in Data (OWID),1.17,26.8,73.2,39.3,44,27.0,6.213
Mexico,2024,3.523,1.194,2310.191,130861001.0,0.015,551.308,Our World in Data (OWID),1.28,28.2,71.8,39.6,45,26.7,6.335
Nigeria,2000,0.766,0.38,215.365,126382490.0,0.005,355.869,Our World in Data (OWID),0.39,15.5,84.5,28.1,22,14.1,4.021
Nigeria,2001,0.772,0.39,244.256,129862594.0,0.005,358.844,Our World in Data (OWID),0.53,15.4,84.6,29.5,22,13.8,4.067
Nigeria,2002,0.674,0.342,250.952,133471995.0,0.005,305.706,Our World in Data (OWID),0.63,15.2,84.8,30.3,23,13.5,4.202
Nigeria,2003,0.729,0.362,267.13,137202646.0,0.005,340.322,Our World in Data (OWID),0.61,15.1,84.9,30.3,24,13.2,4.3
Nigeria,2004,0.673,0.332,276.614,141057045.0,0.005,328.825,Our World in Data (OWID),0.53,14.9,85.1,29.5,25,12.9,4.381
Nigeria,2005,0.701,0.343,304.852,145017256.0,0.005,327.369,Our World in Data (OWID),0.68,14.8,85.2,31.1,26,12.6,4.53
Nigeria,2006,0.604,0.294,274.024,149077335.0,0.005,298.135,Our World in Data (OWID),0.64,14.7,85.3,30.4,27,12.3,4.622
Nigeria,2007,0.536,0.261,251.889,153267254.0,0.006,276.912,Our World in Data (OWID),0.66,14.6,85.4,30.4,28,12.0,4.732
Nigeria,2008,0.549,0.27,310.307,157595014.0,0.006,276.727,Our World in Data (OWID),0.54,14.4,85.6,29.4,29,11.7,4.801
Nigeria,2009,0.475,0.244,196.343,162049466.0,0.006,262.466,Our World in Data (OWID),0.65,14.3,85.7,30.3,30,11.4,4.938
Nigeria,2010,0.672,0.336,240.845,166642888.0,0.006,304.59,Our World in Data (OWID),0.72,14.2,85.8,31.7,31,11.1,5.063
Nigeria,2011,0.736,0.366,346.692,171379602.0,0.006,326.701,Our World in Data (OWID),0.61,14.5,85.5,30.7,31,10.8,5.029999999999999
Nigeria,2012,0.625,0.315,350.17,176200627.0,0.006,313.832,Our World in Data (OWID),0.64,14.7,85.3,30.5,32,10.5,5.140000000000001
Nigeria,2013,0.648,0.333,453.333,181049440.0,0.006,310.709,Our World in Data (OWID),0.67,15.0,85.0,30.7,33,10.2,5.249
Nigeria,2014,0.667,0.35,494.192,185896917.0,0.006,319.723,Our World in Data (OWID),0.75,15.2,84.8,31.5,34,9.9,5.3740000000000006
Nigeria,2015,0.58,0.312,468.837,190671883.0,0.006,304.524,Our World in Data (OWID),0.89,15.5,84.5,32.4,35,9.6,5.516
Nigeria,2016,0.596,0.329,475.244,195443698.0,0.006,297.816,Our World in Data (OWID),1.01,15.8,84.2,33.5,36,9.3,5.652000000000001
Nigeria,2017,0.562,0.313,460.025,200254580.0,0.006,297.264,Our World in Data (OWID),0.91,16.0,84.0,32.3,37,9.0,5.723
Nigeria,2018,0.521,0.291,491.568,204938752.0,0.006,296.024,Our World in Data (OWID),0.85,16.2,83.8,31.4,38,8.7,5.806000000000001
Nigeria,2019,0.61,0.345,514.787,209485637.0,0.006,324.135,Our World in Data (OWID),0.98,16.5,83.5,32.9,39,8.4,5.944999999999999
Nigeria,2020,0.584,0.355,475.403,213996185.0,0.006,299.4,Our World in Data (OWID),1.01,17.2,82.8,32.7,40,8.1,6.05
Nigeria,2021,0.676,0.401,512.507,218529286.0,0.006,315.685,Our World in Data (OWID),0.85,17.8,82.2,31.1,40,7.8,5.999
Nigeria,2022,0.589,0.35,517.687,223150906.0,0.006,290.524,Our World in Data (OWID),0.89,18.5,81.5,30.8,41,7.5,6.107000000000001
Nigeria,2023,0.568,0.34,533.847,227882949.0,0.006,293.145,Our World in Data (OWID),1.17,19.2,80.8,33.1,42,7.2,6.287
Nigeria,2024,0.584,0.352,,232679482.0,0.006,284.002,Our World in Data (OWID),1.28,20.5,79.5,33.6,43,6.9,6.41
Norway,2000,9.381,0.165,583.177,4490864.0,0.001,49.857,Our World in Data (OWID),0.39,99.4,0.5999999999999943,12.1,8,33.6,1.587
Norway,2001,9.642,0.169,519.16,4513650.0,0.001,52.038,Our World in Data (OWID),0.53,99.3,0.7000000000000028,14.4,8,33.3,1.6330000000000002
Norway,2002,9.381,0.162,543.437,4538016.0,0.001,51.496,Our World in Data (OWID),0.63,99.2,0.7999999999999972,14.6,9,33.0,1.767
Norway,2003,9.622,0.159,479.93,4564666.0,0.001,53.66,Our World in Data (OWID),0.61,99.0,1.0,15.3,10,32.7,1.8659999999999999
Norway,2004,9.638,0.155,486.499,4591739.0,0.001,54.122,Our World in Data (OWID),0.53,98.9,1.0999999999999943,14.6,11,32.4,1.946
Norway,2005,9.361,0.146,558.437,4623120.0,0.001,52.377,Our World in Data (OWID),0.68,98.8,1.2000000000000028,15.2,12,32.1,2.095
Norway,2006,9.411,0.143,511.197,4660487.0,0.001,53.31,Our World in Data (OWID),0.64,98.7,1.2999999999999972,15.1,13,31.8,2.187
Norway,2007,9.685,0.145,552.72,4709017.0,0.001,55.69,Our World in Data (OWID),0.66,98.7,1.2999999999999972,16.2,14,31.5,2.2960000000000003
Norway,2008,9.373,0.139,559.907,4768097.0,0.001,54.303,Our World in Data (OWID),0.54,98.6,1.4000000000000057,14.0,15,31.2,2.364
Norway,2009,8.926,0.137,513.943,4828625.0,0.001,51.997,Our World in Data (OWID),0.65,98.6,1.4000000000000057,13.5,16,30.9,2.5000000000000004
Norway,2010,9.339,0.137,497.932,4889160.0,0.001,54.638,Our World in Data (OWID),0.72,98.5,1.5,15.7,17,30.6,2.6250000000000004
Norway,2011,9.04,0.13,504.038,4952969.0,0.001,53.328,Our World in Data (OWID),0.61,98.4,1.5999999999999943,13.6,17,30.3,2.596
Norway,2012,8.819,0.127,560.942,5018453.0,0.001,51.557,Our World in Data (OWID),0.64,98.2,1.7999999999999972,13.3,18,30.0,2.71
Norway,2013,8.767,0.126,523.236,5080126.0,0.001,51.881,Our World in Data (OWID),0.67,98.1,1.9000000000000057,13.4,19,29.7,2.823
Norway,2014,8.754,0.127,541.939,5137397.0,0.001,52.224,Our World in Data (OWID),0.75,97.9,2.0999999999999943,14.3,20,29.4,2.952
Norway,2015,8.772,0.129,549.27,5189777.0,0.001,52.874,Our World in Data (OWID),0.89,97.8,2.200000000000003,15.8,21,29.1,3.0980000000000003
Norway,2016,8.539,0.126,557.634,5235974.0,0.001,51.892,Our World in Data (OWID),1.01,97.9,2.0999999999999943,16.1,22,28.8,3.236
Norway,2017,8.376,0.123,560.158,5276807.0,0.001,51.287,Our World in Data (OWID),0.91,98.0,2.0,14.5,23,28.5,3.3080000000000003
Norway,2018,8.372,0.121,551.629,5311751.0,0.001,51.704,Our World in Data (OWID),0.85,98.1,1.9000000000000057,13.8,24,28.2,3.3920000000000003
Norway,2019,8.016,0.116,515.945,5347733.0,0.001,49.709,Our World in Data (OWID),0.98,98.2,1.7999999999999972,13.8,25,27.9,3.533
Norway,2020,7.673,0.117,556.381,5379275.0,0.002,48.232,Our World in Data (OWID),1.01,98.9,1.0999999999999943,12.6,26,27.6,3.6380000000000003
Norway,2021,7.592,0.111,569.2,5408082.0,0.002,48.274,Our World in Data (OWID),0.85,98.5,1.5,10.9,26,27.3,3.597
Norway,2022,7.483,0.109,533.568,5456796.0,0.002,47.972,Our World in Data (OWID),0.89,98.8,1.2000000000000028,10.8,27,27.0,3.709
Norway,2023,7.043,0.102,551.496,5519167.0,0.002,46.035,Our World in Data (OWID),1.17,98.5,1.5,12.2,28,26.7,3.8990000000000005
Norway,2024,6.668,0.096,555.626,5576656.0,0.002,44.496,Our World in Data (OWID),1.28,99.0,1.0,11.7,29,26.4,4.03
Pakistan,2000,0.671,0.407,483.754,154879124.0,0.002,140.977,Our World in Data (OWID),0.39,36.5,63.5,16.2,26,4.8,4.304
Pakistan,2001,0.662,0.41,495.15,159270910.0,0.002,142.459,Our World in Data (OWID),0.53,36.8,63.2,17.4,26,4.5,4.346
Pakistan,2002,0.677,0.421,514.109,163222552.0,0.002,149.458,Our World in Data (OWID),0.63,37.2,62.8,18.2,27,4.2,4.4750000000000005
Pakistan,2003,0.677,0.409,554.231,167110250.0,0.002,153.509,Our World in Data (OWID),0.61,37.5,62.5,17.8,28,3.9,4.569
Pakistan,2004,0.728,0.436,618.905,171285999.0,0.002,166.336,Our World in Data (OWID),0.53,37.9,62.1,17.0,29,3.6,4.644
Pakistan,2005,0.741,0.439,641.339,175453212.0,0.002,172.661,Our World in Data (OWID),0.68,38.2,61.8,18.4,30,3.3,4.789000000000001
Pakistan,2006,0.768,0.451,679.627,179682690.0,0.002,182.31,Our World in Data (OWID),0.64,37.7,62.3,18.4,31,3.0,4.885000000000001
Pakistan,2007,0.804,0.471,717.055,184493231.0,0.002,193.171,Our World in Data (OWID),0.66,37.2,62.8,19.0,32,2.7,4.9990000000000006
Pakistan,2008,0.78,0.461,718.677,189499112.0,0.002,192.722,Our World in Data (OWID),0.54,36.8,63.2,17.9,33,2.4,5.07
Pakistan,2009,0.763,0.471,745.362,194376535.0,0.002,193.786,Our World in Data (OWID),0.65,36.3,63.7,19.2,34,2.1,5.211
Pakistan,2010,0.74,0.443,749.47,199239048.0,0.002,193.983,Our World in Data (OWID),0.72,35.8,64.2,20.1,35,1.8,5.340000000000001
Pakistan,2011,0.734,0.434,753.328,203746069.0,0.002,195.515,Our World in Data (OWID),0.61,35.5,64.5,19.1,35,1.5,5.313000000000001
Pakistan,2012,0.725,0.431,701.794,207667129.0,0.002,197.575,Our World in Data (OWID),0.64,35.3,64.7,19.5,36,1.2,5.4270000000000005
Pakistan,2013,0.702,0.42,775.379,211073979.0,0.002,196.982,Our World in Data (OWID),0.67,35.0,65.0,19.9,37,1.0,5.541
Pakistan,2014,0.704,0.425,786.308,214264649.0,0.002,201.03,Our World in Data (OWID),0.75,34.8,65.2,20.8,38,1.0,5.667000000000001
Pakistan,2015,0.667,0.409,829.312,217290884.0,0.003,196.064,Our World in Data (OWID),0.89,34.5,65.5,22.3,39,1.0,5.812000000000001
Pakistan,2016,0.803,0.499,900.437,220138863.0,0.003,229.287,Our World in Data (OWID),1.01,34.3,65.7,24.0,40,1.0,5.95
Pakistan,2017,0.949,0.589,951.993,223273974.0,0.003,266.206,Our World in Data (OWID),0.91,34.1,65.9,23.7,41,1.0,6.022
Pakistan,2018,0.897,0.554,967.48,226928893.0,0.003,259.716,Our World in Data (OWID),0.85,34.0,66.0,22.9,42,1.0,6.105
Pakistan,2019,0.827,0.515,973.635,230800908.0,0.003,246.181,Our World in Data (OWID),0.98,33.8,66.2,24.1,43,1.0,6.2459999999999996
Pakistan,2020,0.917,0.613,959.67,235001745.0,0.003,273.798,Our World in Data (OWID),1.01,35.5,64.5,23.8,44,1.0,6.338000000000001
Pakistan,2021,1.017,0.661,1066.011,239477805.0,0.003,303.777,Our World in Data (OWID),0.85,34.8,65.2,22.9,44,1.0,6.297000000000001
Pakistan,2022,0.87,0.565,979.101,243700667.0,0.003,273.278,Our World in Data (OWID),0.89,35.2,64.8,22.6,45,1.0,6.405
Pakistan,2023,0.755,0.491,904.241,247504505.0,0.003,250.326,Our World in Data (OWID),1.17,36.5,63.5,24.3,46,1.0,6.5760000000000005
Pakistan,2024,0.716,0.466,888.373,251269160.0,0.003,245.199,Our World in Data (OWID),1.28,38.2,61.8,24.3,47,1.0,6.692000000000001
Russia,2000,10.091,5.804,7214.09,146717784.0,0.076,1738.477,Our World in Data (OWID),0.39,17.8,82.2,59.4,15,49.8,2.941
Russia,2001,10.389,5.909,7328.268,146117290.0,0.076,1783.516,Our World in Data (OWID),0.53,17.6,82.4,62.0,15,49.5,2.9880000000000004
Russia,2002,10.335,5.743,7298.46,145939502.0,0.077,1780.758,Our World in Data (OWID),0.63,17.4,82.6,62.9,16,49.2,3.123
Russia,2003,10.556,5.565,7448.467,145794230.0,0.078,1823.328,Our World in Data (OWID),0.61,17.2,82.8,63.6,17,48.9,3.222
Russia,2004,10.644,5.401,7514.088,145180091.0,0.078,1840.169,Our World in Data (OWID),0.53,17.0,83.0,63.2,18,48.6,3.303
Russia,2005,10.816,5.284,7503.903,144597886.0,0.079,1870.436,Our World in Data (OWID),0.68,16.8,83.2,65.4,19,48.3,3.4530000000000003
Russia,2006,11.266,5.306,7836.937,144102948.0,0.08,1938.214,Our World in Data (OWID),0.64,16.7,83.3,66.6,20,48.0,3.545
Russia,2007,11.291,5.157,7878.335,143859767.0,0.081,1947.691,Our World in Data (OWID),0.66,16.6,83.4,67.0,21,47.7,3.6550000000000002
Russia,2008,11.492,5.157,7914.626,143811837.0,0.081,1978.17,Our World in Data (OWID),0.54,16.6,83.4,66.5,22,47.4,3.722
Russia,2009,10.741,4.903,7522.19,143869128.0,0.082,1867.325,Our World in Data (OWID),0.65,16.5,83.5,65.0,23,47.1,3.859
Russia,2010,11.346,4.902,7814.236,143934468.0,0.083,1970.808,Our World in Data (OWID),0.72,16.4,83.6,67.9,24,46.8,3.9840000000000004
Russia,2011,11.698,4.887,8080.549,144043751.0,0.084,2032.945,Our World in Data (OWID),0.61,16.6,83.4,67.9,24,46.5,3.9520000000000004
Russia,2012,11.782,4.864,8128.363,144291025.0,0.085,2056.32,Our World in Data (OWID),0.64,16.7,83.3,68.5,25,46.2,4.063000000000001
Russia,2013,11.324,4.642,8032.525,144604105.0,0.086,1995.998,Our World in Data (OWID),0.67,16.9,83.1,67.0,26,45.9,4.173
Russia,2014,11.298,4.617,8057.762,144925639.0,0.087,1998.926,Our World in Data (OWID),0.75,17.0,83.0,67.7,27,45.6,4.299
Russia,2015,11.254,4.619,7930.555,145307612.0,0.088,2005.557,Our World in Data (OWID),0.89,17.2,82.8,68.8,28,45.3,4.442
Russia,2016,11.177,4.604,8086.063,145778668.0,0.089,2008.769,Our World in Data (OWID),1.01,17.4,82.6,69.6,29,45.0,4.579
Russia,2017,11.362,4.617,8135.743,146186798.0,0.089,2054.784,Our World in Data (OWID),0.91,17.5,82.5,69.2,30,44.7,4.651
Russia,2018,11.677,4.655,8432.209,146430146.0,0.09,2121.903,Our World in Data (OWID),0.85,17.6,82.4,69.7,31,44.4,4.735
Russia,2019,11.632,4.596,8370.03,146533063.0,0.091,2133.531,Our World in Data (OWID),0.98,17.8,82.2,70.7,32,44.1,4.875
Russia,2020,11.149,4.642,8075.713,146371295.0,0.092,2049.965,Our World in Data (OWID),1.01,18.2,81.8,69.1,33,43.8,4.983
Russia,2021,11.482,4.542,8331.266,145836172.0,0.093,2117.255,Our World in Data (OWID),0.85,18.5,81.5,68.5,33,43.5,4.9350000000000005
Russia,2022,11.509,4.465,8626.76,145579889.0,0.094,2120.134,Our World in Data (OWID),0.89,18.8,81.2,68.8,34,43.2,5.047000000000001
Russia,2023,11.916,4.55,8760.904,145440502.0,0.095,2181.848,Our World in Data (OWID),1.17,19.2,80.8,72.8,35,42.9,5.2299999999999995
Russia,2024,12.295,4.613,9049.149,144820421.0,0.096,2236.942,Our World in Data (OWID),1.28,19.8,80.2,74.9,36,42.6,5.359999999999999
Saudi Arabia,2000,19.14,1.214,1334.88,16177733.0,0.003,383.072,Our World in Data (OWID),0.39,0.0,100.0,100.0,10,1.0,3.107
Saudi Arabia,2001,19.034,1.262,1422.332,17041405.0,0.003,397.085,Our World in Data (OWID),0.53,0.0,100.0,100.0,10,1.0,3.149
Saudi Arabia,2002,19.37,1.321,1481.383,17910909.0,0.003,417.428,Our World in Data (OWID),0.63,0.0,100.0,100.0,11,1.0,3.279
Saudi Arabia,2003,18.695,1.27,1569.191,18786771.0,0.003,431.622,Our World in Data (OWID),0.61,0.0,100.0,100.0,12,1.0,3.373
Saudi Arabia,2004,20.728,1.425,1702.448,19669486.0,0.003,489.115,Our World in Data (OWID),0.53,0.0,100.0,100.0,13,1.0,3.449
Saudi Arabia,2005,20.05,1.393,1811.106,20559886.0,0.003,498.964,Our World in Data (OWID),0.68,0.0,100.0,100.0,14,1.0,3.5940000000000003
Saudi Arabia,2006,20.736,1.454,1900.17,21459141.0,0.004,534.119,Our World in Data (OWID),0.64,0.0,100.0,100.0,15,1.0,3.682
Saudi Arabia,2007,18.925,1.344,1944.057,22368313.0,0.004,512.352,Our World in Data (OWID),0.66,0.0,100.0,100.0,16,1.0,3.7880000000000003
Saudi Arabia,2008,20.158,1.465,2128.464,23287884.0,0.004,562.135,Our World in Data (OWID),0.54,0.0,100.0,100.0,17,1.0,3.8520000000000003
Saudi Arabia,2009,20.81,1.599,2205.138,24217656.0,0.004,592.616,Our World in Data (OWID),0.65,0.0,100.0,100.0,18,1.0,3.9850000000000003
Saudi Arabia,2010,22.087,1.668,2451.107,25157134.0,0.004,645.867,Our World in Data (OWID),0.72,0.0,100.0,100.0,19,1.0,4.106
Saudi Arabia,2011,20.694,1.567,2557.291,26105636.0,0.005,638.304,Our World in Data (OWID),0.61,0.1,99.9,100.0,19,1.0,4.072000000000001
Saudi Arabia,2012,22.382,1.733,2714.211,27062447.0,0.005,708.448,Our World in Data (OWID),0.64,0.2,99.8,100.0,20,1.0,4.180000000000001
Saudi Arabia,2013,20.808,1.653,2731.22,28026825.0,0.005,685.734,Our World in Data (OWID),0.67,0.3,99.7,100.0,21,1.0,4.288
Saudi Arabia,2014,20.177,1.65,2931.717,28998127.0,0.005,689.974,Our World in Data (OWID),0.75,0.4,99.6,100.0,22,1.0,4.411
Saudi Arabia,2015,20.836,1.764,3056.625,29974944.0,0.006,732.904,Our World in Data (OWID),0.89,0.5,99.5,100.0,23,1.0,4.5520000000000005
Saudi Arabia,2016,20.873,1.812,3179.844,30717804.0,0.006,752.376,Our World in Data (OWID),1.01,0.7,99.3,100.0,24,1.0,4.686000000000001
Saudi Arabia,2017,20.937,1.792,3181.819,30782400.0,0.006,753.668,Our World in Data (OWID),0.91,0.8,99.2,100.0,25,1.0,4.755
Saudi Arabia,2018,21.479,1.775,3101.678,30365119.0,0.007,764.439,Our World in Data (OWID),0.85,1.0,99.0,100.0,26,1.0,4.835
Saudi Arabia,2019,23.245,1.91,2967.379,30472809.0,0.007,818.135,Our World in Data (OWID),0.98,1.2,98.8,100.0,27,1.0,4.9719999999999995
Saudi Arabia,2020,21.089,1.859,2888.253,30991206.0,0.007,760.255,Our World in Data (OWID),1.01,1.8,98.2,100.0,28,1.0,5.075
Saudi Arabia,2021,22.197,1.886,2982.346,31328374.0,0.008,802.225,Our World in Data (OWID),0.85,2.0,98.0,100.0,28,1.0,5.025
Saudi Arabia,2022,20.73,1.777,3150.054,32175351.0,0.008,783.109,Our World in Data (OWID),0.89,2.5,97.5,100.0,29,1.0,5.132
Saudi Arabia,2023,20.365,1.778,3200.741,33264289.0,0.008,789.141,Our World in Data (OWID),1.17,3.2,96.8,100.0,30,1.0,5.309
Saudi Arabia,2024,20.379,1.793,3290.424,33962751.0,0.008,806.327,Our World in Data (OWID),1.28,4.5,95.5,100.0,31,1.0,5.429
South Africa,2000,8.022,1.483,1185.383,47159715.0,0.007,443.252,Our World in Data (OWID),0.39,1.5,98.5,61.2,20,7.8,4.024
South Africa,2001,7.812,1.446,1191.536,47566805.0,0.007,437.02,Our World in Data (OWID),0.53,1.6,98.4,61.8,20,7.5,4.068
South Africa,2002,7.424,1.357,1161.125,48019414.0,0.008,421.873,Our World in Data (OWID),0.63,1.6,98.4,61.4,21,7.2,4.2010000000000005
South Africa,2003,8.338,1.462,1257.958,48500351.0,0.008,473.433,Our World in Data (OWID),0.61,1.7,98.3,64.3,22,6.9,4.297
South Africa,2004,9.171,1.571,1372.773,48991420.0,0.008,519.661,Our World in Data (OWID),0.53,1.7,98.3,66.5,23,6.6,4.376
South Africa,2005,8.41,1.406,1299.322,49490041.0,0.008,486.898,Our World in Data (OWID),0.68,1.8,98.2,65.2,24,6.3,4.523000000000001
South Africa,2006,8.935,1.46,1326.061,49998271.0,0.008,517.01,Our World in Data (OWID),0.64,1.9,98.1,66.6,25,6.0,4.613
South Africa,2007,9.203,1.476,1362.193,50528575.0,0.009,536.516,Our World in Data (OWID),0.66,2.0,98.0,67.7,26,5.7,4.721
South Africa,2008,9.678,1.543,1459.697,51114595.0,0.009,567.411,Our World in Data (OWID),0.54,2.0,98.0,68.2,27,5.4,4.788
South Africa,2009,9.173,1.506,1453.214,51728518.0,0.009,546.058,Our World in Data (OWID),0.65,2.1,97.9,67.5,28,5.1,4.923
South Africa,2010,8.928,1.403,1463.989,52344047.0,0.009,539.626,Our World in Data (OWID),0.72,2.2,97.8,67.2,29,4.8,5.046
South Africa,2011,8.949,1.376,1446.214,52995212.0,0.009,546.512,Our World in Data (OWID),0.61,2.9,97.1,65.8,29,4.5,5.009
South Africa,2012,8.58,1.32,1424.104,53782570.0,0.01,536.893,Our World in Data (OWID),0.64,3.5,96.5,64.5,30,4.2,5.115
South Africa,2013,8.343,1.293,1430.569,54678789.0,0.01,532.143,Our World in Data (OWID),0.67,4.2,95.8,63.6,31,3.9,5.220000000000001
South Africa,2014,8.663,1.358,1448.045,55594840.0,0.01,558.5,Our World in Data (OWID),0.75,4.8,95.2,65.2,32,3.6,5.341
South Africa,2015,8.065,1.292,1415.416,56723536.0,0.01,533.362,Our World in Data (OWID),0.89,5.5,94.5,64.1,33,3.3,5.479000000000001
South Africa,2016,7.982,1.291,1480.061,57259550.0,0.01,531.974,Our World in Data (OWID),1.01,6.3,93.7,64.6,34,3.0,5.61
South Africa,2017,7.634,1.223,1475.142,57635158.0,0.011,516.457,Our World in Data (OWID),0.91,7.2,92.8,61.9,35,2.7,5.674
South Africa,2018,7.742,1.235,1409.859,58613001.0,0.011,529.452,Our World in Data (OWID),0.85,8.0,92.0,61.2,36,2.4,5.7509999999999994
South Africa,2019,7.9,1.269,1471.708,59587880.0,0.011,546.324,Our World in Data (OWID),0.98,8.8,91.2,62.6,37,2.1,5.885000000000001
South Africa,2020,7.188,1.238,1399.597,60562374.0,0.011,508.692,Our World in Data (OWID),1.01,10.5,89.5,59.5,38,1.8,5.98
South Africa,2021,7.145,1.192,1405.65,61502602.0,0.011,510.03,Our World in Data (OWID),0.85,12.5,87.5,56.6,38,1.5,5.915000000000001
South Africa,2022,6.874,1.143,1346.169,62378417.0,0.012,499.386,Our World in Data (OWID),0.89,14.8,85.2,54.8,39,1.2,6.0070000000000014
South Africa,2023,6.907,1.146,1367.989,63212386.0,0.012,507.252,Our World in Data (OWID),1.17,16.5,83.5,56.8,40,1.0,6.176
South Africa,2024,6.872,1.139,1362.492,64007187.0,0.012,508.186,Our World in Data (OWID),1.28,18.2,81.8,56.8,41,1.0,6.292000000000001
Sweden,2000,6.187,0.215,651.783,8872099.0,0.003,63.98,Our World in Data (OWID),0.39,56.5,43.5,24.5,9,68.7,1.765
Sweden,2001,6.27,0.217,695.756,8896018.0,0.003,64.606,Our World in Data (OWID),0.53,56.8,43.2,26.0,9,68.4,1.807
Sweden,2002,6.345,0.216,649.472,8925045.0,0.003,65.882,Our World in Data (OWID),0.63,57.2,42.8,27.0,10,68.1,1.936
Sweden,2003,6.387,0.207,609.237,8958434.0,0.003,66.604,Our World in Data (OWID),0.61,57.5,42.5,26.8,11,67.8,2.0300000000000002
Sweden,2004,6.274,0.197,664.597,8993805.0,0.003,66.05,Our World in Data (OWID),0.53,57.9,42.1,25.4,12,67.5,2.1050000000000004
Sweden,2005,5.957,0.182,673.01,9029771.0,0.003,61.65,Our World in Data (OWID),0.68,58.2,41.8,25.6,13,67.2,2.25
Sweden,2006,5.908,0.175,630.143,9080628.0,0.003,61.687,Our World in Data (OWID),0.64,59.1,40.9,24.6,14,66.9,2.332
Sweden,2007,5.78,0.168,641.107,9148280.0,0.003,60.655,Our World in Data (OWID),0.66,59.9,40.1,23.9,15,66.6,2.433
Sweden,2008,5.506,0.158,638.565,9219903.0,0.003,58.295,Our World in Data (OWID),0.54,60.8,39.2,21.2,16,66.3,2.491
Sweden,2009,5.07,0.15,579.813,9298738.0,0.003,54.613,Our World in Data (OWID),0.65,61.6,38.4,20.4,17,66.0,2.619
Sweden,2010,5.654,0.159,621.735,9378234.0,0.003,60.276,Our World in Data (OWID),0.72,62.5,37.5,22.6,18,65.7,2.734
Sweden,2011,5.198,0.142,612.016,9449263.0,0.003,56.292,Our World in Data (OWID),0.61,63.8,36.2,19.2,18,65.4,2.6910000000000003
Sweden,2012,4.896,0.133,645.245,9519477.0,0.003,53.739,Our World in Data (OWID),0.64,65.0,35.0,17.8,19,65.1,2.7910000000000004
Sweden,2013,4.698,0.128,603.543,9600620.0,0.003,51.941,Our World in Data (OWID),0.67,66.3,33.7,16.7,20,64.8,2.89
Sweden,2014,4.474,0.122,600.777,9696438.0,0.003,49.844,Our World in Data (OWID),0.75,67.5,32.5,16.0,21,64.5,3.0050000000000003
Sweden,2015,4.42,0.122,622.062,9799483.0,0.003,49.681,Our World in Data (OWID),0.89,68.8,31.200000000000003,16.5,22,64.2,3.1370000000000005
Sweden,2016,4.364,0.122,609.401,9923281.0,0.003,49.669,Our World in Data (OWID),1.01,69.7,30.3,17.0,23,63.9,3.2670000000000003
Sweden,2017,4.211,0.118,631.343,10057864.0,0.003,48.779,Our World in Data (OWID),0.91,70.7,29.3,15.0,24,63.6,3.3300000000000005
Sweden,2018,4.113,0.114,609.195,10175400.0,0.003,48.258,Our World in Data (OWID),0.85,71.6,28.40000000000001,13.5,25,63.3,3.406
Sweden,2019,3.967,0.11,625.819,10279120.0,0.003,47.137,Our World in Data (OWID),0.98,72.5,27.5,13.8,26,63.0,3.539
Sweden,2020,3.537,0.104,600.279,10353682.0,0.003,43.07,Our World in Data (OWID),1.01,75.8,24.200000000000003,10.8,27,62.7,3.6180000000000003
Sweden,2021,3.703,0.105,633.68,10416134.0,0.003,45.042,Our World in Data (OWID),0.85,74.5,25.5,10.5,27,62.4,3.586
Sweden,2022,3.465,0.097,621.681,10487335.0,0.003,42.697,Our World in Data (OWID),0.89,76.8,23.200000000000003,8.8,28,62.1,3.6780000000000004
Sweden,2023,3.479,0.096,599.356,10551493.0,0.003,43.02,Our World in Data (OWID),1.17,78.8,21.200000000000003,10.5,29,61.8,3.8450000000000006
Sweden,2024,3.592,0.099,610.004,10606993.0,0.003,44.427,Our World in Data (OWID),1.28,80.5,19.5,11.1,30,61.5,3.964
UK,2000,9.635,2.23,2664.116,59057333.0,0.031,644.17,Our World in Data (OWID),0.39,2.8,97.2,66.1,14,13.2,3.357
UK,2001,9.749,2.25,2691.806,59288095.0,0.031,651.636,Our World in Data (OWID),0.53,3.1,96.9,67.7,14,12.9,3.399
UK,2002,9.41,2.133,2630.84,59540764.0,0.031,629.635,Our World in Data (OWID),0.63,3.4,96.6,67.4,15,12.6,3.529
UK,2003,9.556,2.067,2668.734,59820385.0,0.031,636.31,Our World in Data (OWID),0.61,3.6,96.4,67.6,16,12.3,3.624
UK,2004,9.53,2.004,2690.652,60169964.0,0.032,633.561,Our World in Data (OWID),0.53,3.9,96.1,66.5,17,12.0,3.7
UK,2005,9.412,1.927,2712.682,60596107.0,0.032,623.272,Our World in Data (OWID),0.68,4.2,95.8,67.4,18,11.7,3.8449999999999998
UK,2006,9.301,1.856,2678.337,61051093.0,0.032,615.311,Our World in Data (OWID),0.64,4.9,95.1,66.3,19,11.4,3.9290000000000003
UK,2007,9.093,1.776,2604.192,61535859.0,0.033,603.1,Our World in Data (OWID),0.66,5.5,94.5,65.4,20,11.1,4.032
UK,2008,8.785,1.7,2558.816,62027303.0,0.033,583.452,Our World in Data (OWID),0.54,6.2,93.8,62.7,21,10.8,4.092
UK,2009,7.905,1.568,2422.812,62506222.0,0.033,529.536,Our World in Data (OWID),0.65,6.8,93.2,60.4,22,10.5,4.222
UK,2010,8.125,1.536,2475.146,63006482.0,0.033,542.746,Our World in Data (OWID),0.72,7.5,92.5,61.5,23,10.2,4.339
UK,2011,7.396,1.362,2332.188,63509285.0,0.033,498.398,Our World in Data (OWID),0.61,10.9,89.1,56.0,23,9.9,4.275
UK,2012,7.622,1.395,2375.146,63960488.0,0.034,515.294,Our World in Data (OWID),0.64,14.3,85.7,55.2,24,9.6,4.353000000000001
UK,2013,7.418,1.354,2388.473,64389386.0,0.034,502.995,Our World in Data (OWID),0.67,17.7,82.3,52.9,25,9.3,4.431
UK,2014,6.765,1.237,2255.708,64865914.0,0.034,462.865,Our World in Data (OWID),0.75,21.1,78.9,49.6,26,9.0,4.524
UK,2015,6.461,1.193,2279.467,65382107.0,0.034,445.941,Our World in Data (OWID),0.89,24.5,75.5,48.0,27,8.7,4.635
UK,2016,6.062,1.129,2246.922,65893359.0,0.034,422.051,Our World in Data (OWID),1.01,27.8,72.2,46.0,28,8.4,4.7410000000000005
UK,2017,5.838,1.077,2251.043,66354473.0,0.035,410.492,Our World in Data (OWID),0.91,31.1,68.9,42.4,29,8.1,4.781000000000001
UK,2018,5.689,1.034,2246.424,66752473.0,0.035,403.013,Our World in Data (OWID),0.85,34.5,65.5,39.4,30,7.8,4.832
UK,2019,5.435,0.984,2192.985,67110958.0,0.035,387.597,Our World in Data (OWID),0.98,37.8,62.2,38.0,31,7.5,4.941
UK,2020,4.844,0.928,1982.843,67351860.0,0.035,348.027,Our World in Data (OWID),1.01,43.1,56.9,33.3,32,7.2,5.0
UK,2021,5.059,0.929,1990.967,67668788.0,0.035,364.653,Our World in Data (OWID),0.85,40.2,59.8,34.1,32,6.9,4.984
UK,2022,4.563,0.829,2009.944,68179315.0,0.035,333.067,Our World in Data (OWID),0.89,41.5,58.5,32.0,33,6.6,5.086
UK,2023,4.482,0.808,1929.626,68682965.0,0.036,329.246,Our World in Data (OWID),1.17,47.8,52.2,31.1,34,6.3,5.210000000000001
UK,2024,4.526,0.811,1936.96,69138185.0,0.036,334.159,Our World in Data (OWID),1.28,50.2,49.8,31.0,35,6.0,5.322
USA,2000,21.398,23.61,26546.236,281484126.0,0.186,6723.977,Our World in Data (OWID),0.39,8.2,91.8,100.0,35,33.8,5.197
USA,2001,20.767,22.977,25918.357,284279634.0,0.189,6576.034,Our World in Data (OWID),0.53,8.3,91.7,100.0,35,33.5,5.241
USA,2002,20.718,22.645,26297.27,287084335.0,0.192,6598.419,Our World in Data (OWID),0.63,8.4,91.6,100.0,36,33.2,5.372999999999999
USA,2003,20.718,21.721,26383.084,289908091.0,0.195,6664.081,Our World in Data (OWID),0.61,8.5,91.5,100.0,37,32.9,5.469
USA,2004,20.874,21.362,26899.117,292786248.0,0.198,6770.908,Our World in Data (OWID),0.53,8.6,91.4,100.0,38,32.6,5.547
USA,2005,20.719,20.7,26912.564,295716666.0,0.2,6792.139,Our World in Data (OWID),0.68,8.7,91.3,100.0,39,32.3,5.694000000000001
USA,2006,20.237,19.76,26699.963,298730208.0,0.203,6721.139,Our World in Data (OWID),0.64,9.0,91.0,100.0,40,32.0,5.782
USA,2007,20.28,19.434,27066.711,301844223.0,0.206,6806.651,Our World in Data (OWID),0.66,9.3,90.7,100.0,41,31.7,5.888000000000001
USA,2008,19.409,18.469,26407.25,304970325.0,0.209,6613.292,Our World in Data (OWID),0.54,9.5,90.5,98.1,42,31.4,5.953
USA,2009,17.811,17.409,25110.527,308023452.0,0.211,6136.385,Our World in Data (OWID),0.65,9.8,90.2,93.4,43,31.1,6.086
USA,2010,18.225,17.016,25953.547,311062785.0,0.214,6307.125,Our World in Data (OWID),0.72,10.1,89.9,95.4,44,30.8,6.207000000000001
USA,2011,17.634,16.064,25729.088,314105075.0,0.216,6186.227,Our World in Data (OWID),0.61,10.8,89.2,91.9,44,30.5,6.170000000000001
USA,2012,16.812,15.252,25047.367,317115349.0,0.219,5962.164,Our World in Data (OWID),0.64,11.4,88.6,89.0,45,30.2,6.276000000000001
USA,2013,17.099,15.516,25728.629,320110752.0,0.221,6108.991,Our World in Data (OWID),0.67,12.1,87.9,89.9,46,29.9,6.381
USA,2014,17.119,15.596,25995.914,323115377.0,0.224,6180.719,Our World in Data (OWID),0.75,12.7,87.3,90.4,47,29.6,6.502
USA,2015,16.461,15.164,25747.426,326126496.0,0.226,6005.932,Our World in Data (OWID),0.89,13.4,86.6,89.1,48,29.3,6.640000000000001
USA,2016,15.935,14.82,25727.051,329179423.0,0.228,5852.134,Our World in Data (OWID),1.01,14.4,85.6,88.0,49,29.0,6.769
USA,2017,15.639,14.442,25822.156,332204657.0,0.231,5815.081,Our World in Data (OWID),0.91,15.4,84.6,85.4,50,28.7,6.832
USA,2018,16.001,14.595,26768.988,335056492.0,0.233,6005.333,Our World in Data (OWID),0.85,16.5,83.5,85.4,51,28.4,6.906000000000001
USA,2019,15.5,14.118,26578.494,337790069.0,0.236,5899.809,Our World in Data (OWID),0.98,17.5,82.5,84.4,52,28.1,7.038
USA,2020,13.817,13.34,24630.395,339436156.0,0.238,5309.856,Our World in Data (OWID),1.01,19.8,80.2,77.6,53,27.8,7.127000000000001
USA,2021,14.758,13.617,25956.828,340161438.0,0.24,5675.305,Our World in Data (OWID),0.85,20.1,79.9,79.1,53,27.5,7.079000000000001
USA,2022,14.802,13.471,26512.51,341534041.0,0.242,5728.265,Our World in Data (OWID),0.89,21.5,78.5,78.9,54,27.2,7.180000000000001
USA,2023,14.319,12.911,26216.545,343477330.0,0.245,5606.243,Our World in Data (OWID),1.17,22.4,77.6,79.5,55,26.9,7.358
USA,2024,14.197,12.705,26528.611,345426566.0,0.247,5594.31,Our World in Data (OWID),1.28,23.8,76.2,79.4,56,26.6,7.48
